{
    "entries": {
        "6681152659205225093": {
            "status": "REVOKED",
            "reason": "KEY_COMPROMISE"
        },
        "8350192447815228107": {
            "status": "REVOKED",
            "reason": "KEY_COMPROMISE"
        },
        "9408173275444922801": {
            "status": "REVOKED",
            "reason": "KEY_COMPROMISE"
        },
        "11244410301401252959": {
            "status": "REVOKED",
            "reason": "KEY_COMPROMISE"
        },
        "15346629759498347257": {
            "status": "REVOKED",
            "reason": "KEY_COMPROMISE"
        },
        "1228286566665971148": {
            "status": "REVOKED",
            "reason": "KEY_COMPROMISE"
        },
        "17471682139930361099": {
            "status": "REVOKED",
            "reason": "SOFTWARE_FLAW"
        },
        "1545991490585406285": {
            "status": "REVOKED",
            "reason": "KEY_COMPROMISE"
        },
        "16799496319142405818": {
            "status": "REVOKED",
            "reason": "KEY_COMPROMISE"
        },
        "2621004353020741590": {
            "status": "REVOKED",
            "reason": "KEY_COMPROMISE"
        },
        "1051246719628187981": {
            "status": "REVOKED",
            "reason": "KEY_COMPROMISE"
        },
        "c35747a084470c3135aeefe2b8d40cd6": {
            "status": "REVOKED",
            "reason": "KEY_COMPROMISE"
        },
        "ee3ac673107ddf0831027a84c532bee4": {
            "status": "REVOKED",
            "reason": "KEY_COMPROMISE"
        },
        "1f4363f4acefdf83ae59202b934cead9": {
            "status": "REVOKED",
            "reason": "KEY_COMPROMISE"
        },
        "633d72164968d2b7ec1a927a14c8efbe": {
            "status": "REVOKED",
            "reason": "KEY_COMPROMISE"
        },
        "f3a6cc97099ae7311ca7d1c55625a9e2": {
            "status": "REVOKED",
            "reason": "KEY_COMPROMISE"
        },
        "c360da616de6583ae816cdefdda66221": {
            "status": "REVOKED",
            "reason": "KEY_COMPROMISE"
        },
        "1476c32be5b4788386062ca1d6a3ec01": {
            "status": "REVOKED",
            "reason": "KEY_COMPROMISE"
        },
        "c9b95f08cb46c66e778a996bb04eb063": {
            "status": "REVOKED",
            "reason": "KEY_COMPROMISE"
        },
        "2775678662643671941": {
            "status": "REVOKED",
            "reason": "KEY_COMPROMISE"
        },
        "10478051501886118140": {
            "status": "REVOKED",
            "reason": "KEY_COMPROMISE"
        },
        "15304424745846567057": {
            "status": "REVOKED",
            "reason": "KEY_COMPROMISE"
        },
        "2540354691047989632": {
            "status": "REVOKED",
            "reason": "KEY_COMPROMISE"
        },
        "9605027729693255932": {
            "status": "REVOKED",
            "reason": "KEY_COMPROMISE"
        },
        "7266970422002561562": {
            "status": "REVOKED",
            "reason": "KEY_COMPROMISE"
        },
        "2121480040206509646": {
            "status": "REVOKED",
            "reason": "KEY_COMPROMISE"
        },
        "4722071905782261079": {
            "status": "REVOKED",
            "reason": "KEY_COMPROMISE"
        },
        "13791718860221210775": {
            "status": "REVOKED",
            "reason": "KEY_COMPROMISE"
        },
        "5318853256439367328": {
            "status": "REVOKED",
            "reason": "KEY_COMPROMISE"
        },
        "16619986970074733637": {
            "status": "REVOKED",
            "reason": "KEY_COMPROMISE"
        },
        "8090691296252605665": {
            "status": "REVOKED",
            "reason": "KEY_COMPROMISE"
        },
        "9422579570321443809": {
            "status": "REVOKED",
            "reason": "KEY_COMPROMISE"
        },
        "14441488828221950432": {
            "status": "REVOKED",
            "reason": "KEY_COMPROMISE"
        },
        "cfd09f492467a8d78f3c87f8ae82b0ed": {
            "status": "REVOKED",
            "reason": "KEY_COMPROMISE"
        },
        "843184b4161e8dfbb711061d3483ad81": {
            "status": "REVOKED",
            "reason": "KEY_COMPROMISE"
        },
        "f2e14b3039c35d54fb9661b60b17ec94": {
            "status": "REVOKED",
            "reason": "KEY_COMPROMISE"
        },
        "836d1498921ff86a22fe3768042849a2": {
            "status": "REVOKED",
            "reason": "KEY_COMPROMISE"
        },
        "c95180267ba53a50b636e36d32976065": {
            "status": "REVOKED",
            "reason": "KEY_COMPROMISE"
        },
        "9414602a0ce3f77d9ac05af532785ef": {
            "status": "REVOKED",
            "reason": "KEY_COMPROMISE"
        },
        "c21b00ddf8c5a26106a03e8c11b37998": {
            "status": "REVOKED",
            "reason": "KEY_COMPROMISE"
        },
        "d9e9fa3c6021bcca273b524f551feab9": {
            "status": "REVOKED",
            "reason": "KEY_COMPROMISE"
        },
        "6a0c9ef31f814ebb8d8301eb443f7940": {
            "status": "REVOKED",
            "reason": "KEY_COMPROMISE"
        },
        "78d6b0810af9e6897b62ef2e26a853d2": {
            "status": "REVOKED",
            "reason": "KEY_COMPROMISE"
        },
        "e8063fd19d678b46998c5d25bf6bcd2": {
            "status": "REVOKED",
            "reason": "KEY_COMPROMISE"
        },
        "a23891b8cf1e06bea42599aecd9bc9cf": {
            "status": "REVOKED",
            "reason": "KEY_COMPROMISE"
        },
        "fc609574570c3e0a1d347e02a2ad6d4d": {
            "status": "REVOKED",
            "reason": "SOFTWARE_FLAW"
        },
        "7355273169128314967": {
            "status": "REVOKED",
            "reason": "KEY_COMPROMISE"
        },
        "5344612975616013951": {
            "status": "REVOKED",
            "reason": "KEY_COMPROMISE"
        },
        "16166206677093325219": {
            "status": "REVOKED",
            "reason": "KEY_COMPROMISE"
        },
        "15489222854939603791": {
            "status": "REVOKED",
            "reason": "KEY_COMPROMISE"
        },
        "18154252358500841010": {
            "status": "REVOKED",
            "reason": "KEY_COMPROMISE"
        },
        "12098947777634431853": {
            "status": "REVOKED",
            "reason": "KEY_COMPROMISE"
        },
        "10997554208317698753": {
            "status": "REVOKED",
            "reason": "KEY_COMPROMISE"
        },
        "12365028775357944392": {
            "status": "REVOKED",
            "reason": "KEY_COMPROMISE"
        },
        "3bbbbd83aa163125a86e900730bc9f53": {
            "status": "REVOKED",
            "reason": "KEY_COMPROMISE"
        },
        "fb3b56606adc45049dd5ebc0846e0daf": {
            "status": "REVOKED",
            "reason": "KEY_COMPROMISE"
        },
        "90fdc81863091e2bc62519d620143d1": {
            "status": "REVOKED",
            "reason": "KEY_COMPROMISE"
        },
        "1ae2ba1ba985e8a55a3b617172e61537": {
            "status": "REVOKED",
            "reason": "KEY_COMPROMISE"
        },
        "7f69b2f66b0679f7fffc721fc3978128": {
            "status": "REVOKED",
            "reason": "KEY_COMPROMISE"
        },
        "4b7f33db15d04ce1736768dbad021261": {
            "status": "REVOKED",
            "reason": "KEY_COMPROMISE"
        },
        "43cf4aa6e5d9744dd436d9d5ef1391cd": {
            "status": "REVOKED",
            "reason": "KEY_COMPROMISE"
        },
        "ad3b740cccc9369f89240dbc5284cb10": {
            "status": "REVOKED",
            "reason": "KEY_COMPROMISE"
        },
        "9ed21fe7bfa899183bcb0833de8c5178": {
            "status": "REVOKED",
            "reason": "KEY_COMPROMISE"
        },
        "87a5a6991dfa390d3e4c61bbe3d291b3": {
            "status": "REVOKED",
            "reason": "KEY_COMPROMISE"
        },
        "fb5adea0f8212f845bea3f996bcee726": {
            "status": "REVOKED",
            "reason": "KEY_COMPROMISE"
        },
        "7f90e587a2cb6ef5dee0b83b58893d74": {
            "status": "REVOKED",
            "reason": "KEY_COMPROMISE"
        },
        "6b870bcad63bdfe92d02ba4698b16264": {
            "status": "REVOKED",
            "reason": "KEY_COMPROMISE"
        },
        "1af3b8c5427453b6937ae0bcb6fe447f": {
            "status": "REVOKED",
            "reason": "KEY_COMPROMISE"
        },
        "2975e3f59a67e034d4bd451b927f1d27": {
            "status": "REVOKED",
            "reason": "KEY_COMPROMISE"
        },
        "cdee0d31cb8400838344756231940aea": {
            "status": "REVOKED",
            "reason": "KEY_COMPROMISE"
        },
        "c578cd2e254c12dff8ee2ac82f93410a": {
            "status": "REVOKED",
            "reason": "KEY_COMPROMISE"
        },
        "e7daf1046d38581b22f1dd7946b15f1": {
            "status": "REVOKED",
            "reason": "KEY_COMPROMISE"
        },
        "8d76fce4395906995adf0de84b80e2ec": {
            "status": "REVOKED",
            "reason": "KEY_COMPROMISE"
        },
        "82d779713c8ee285e8a7ffd61cbfb7ed": {
            "status": "REVOKED",
            "reason": "KEY_COMPROMISE"
        },
        "fc0a3c9f31721c524c3bd84afa72cbe3": {
            "status": "REVOKED",
            "reason": "KEY_COMPROMISE"
        },
        "b8ac6e0771a0958aeaa4b68a111a5dee": {
            "status": "REVOKED",
            "reason": "KEY_COMPROMISE"
        },
        "94f4943f978b93b4d7f4e69dc20b4d6b": {
            "status": "REVOKED",
            "reason": "KEY_COMPROMISE"
        },
        "c39c08de9731fd57d124c3e17c53faca": {
            "status": "REVOKED",
            "reason": "KEY_COMPROMISE"
        },
        "e24e5301403dcb9bad30918083fa15c7": {
            "status": "REVOKED",
            "reason": "KEY_COMPROMISE"
        },
        "dfd704581cbf9fe223b5c351fab83b4e": {
            "status": "REVOKED",
            "reason": "KEY_COMPROMISE"
        },
        "dfd0bf6bb1cb606ef65572412c0d1ac8": {
            "status": "REVOKED",
            "reason": "KEY_COMPROMISE"
        },
        "4d818d8a042b22646a42c395e5c86d6": {
            "status": "REVOKED",
            "reason": "KEY_COMPROMISE"
        },
        "7f9ec229afd8185d8432f408108e0991": {
            "status": "REVOKED",
            "reason": "KEY_COMPROMISE"
        },
        "846736b71487a74075ed6f33f58e4b33": {
            "status": "REVOKED",
            "reason": "KEY_COMPROMISE"
        },
        "14e38b3979edef06d0e95b7131a08b22": {
            "status": "REVOKED",
            "reason": "KEY_COMPROMISE"
        },
        "c2272cf25f9ccac5b5633a36b5e08fa9": {
            "status": "REVOKED",
            "reason": "KEY_COMPROMISE"
        },
        "8868809403284598250": {
            "status": "REVOKED",
            "reason": "KEY_COMPROMISE"
        },
        "15443728027744674372": {
            "status": "REVOKED",
            "reason": "KEY_COMPROMISE"
        },
        "224403031710863989": {
            "status": "REVOKED",
            "reason": "KEY_COMPROMISE"
        },
        "3882667606589968590": {
            "status": "REVOKED",
            "reason": "KEY_COMPROMISE"
        },
        "8398415515671998339": {
            "status": "REVOKED",
            "reason": "KEY_COMPROMISE"
        },
        "13965740041072508681": {
            "status": "REVOKED",
            "reason": "KEY_COMPROMISE"
        },
        "70771aada0054842160ef0764bce1623": {
            "status": "REVOKED",
            "reason": "KEY_COMPROMISE"
        },
        "119e72132a781e012ce7a8e68533b140": {
            "status": "REVOKED",
            "reason": "KEY_COMPROMISE"
        },
        "4507699620177564323": {
            "status": "REVOKED",
            "reason": "KEY_COMPROMISE"
        },
        "fb15cf8fb17f479ab86309b964bc879f": {
            "status": "REVOKED",
            "reason": "KEY_COMPROMISE"
        },
        "10366491491059815913": {
            "status": "REVOKED",
            "reason": "KEY_COMPROMISE"
        },
        "b58f9dea5b5fa47a71232975c9a3105f": {
            "status": "REVOKED",
            "reason": "KEY_COMPROMISE"
        },
        "df60b49f7b9046b5234e0df74ea9ce6b": {
            "status": "REVOKED",
            "reason": "KEY_COMPROMISE"
        },
        "f05d190cdad24969d3303bcf387cb9b4": {
            "status": "REVOKED",
            "reason": "KEY_COMPROMISE"
        },
        "14423003903688859038": {
            "status": "REVOKED",
            "reason": "KEY_COMPROMISE"
        },
        "b0e3b89197086be252d5eb29f930e537": {
            "status": "REVOKED",
            "reason": "KEY_COMPROMISE"
        },
        "6845757010563880491": {
            "status": "REVOKED",
            "reason": "KEY_COMPROMISE"
        },
        "b1f1481091272a4911f18d20eaa12463": {
            "status": "REVOKED",
            "reason": "KEY_COMPROMISE"
        },
        "338b275a6333cc1b59888acf75527802": {
            "status": "REVOKED",
            "reason": "KEY_COMPROMISE"
        },
        "11131729192210368711": {
            "status": "REVOKED",
            "reason": "KEY_COMPROMISE"
        },
        "6717229404067592611": {
            "status": "REVOKED",
            "reason": "KEY_COMPROMISE"
        },
        "6815517147617176510": {
            "status": "REVOKED",
            "reason": "KEY_COMPROMISE"
        },
        "583dc5cc0dda3c1f886e9b7933137098": {
            "status": "REVOKED",
            "reason": "KEY_COMPROMISE"
        },
        "c0e272fdb6e5849fd898834a1598c2fe": {
            "status": "REVOKED",
            "reason": "KEY_COMPROMISE"
        },
        "71cf6a217187e89e086b072a1fd17596": {
            "status": "REVOKED",
            "reason": "KEY_COMPROMISE"
        },
        "14803998145538567806": {
            "status": "REVOKED",
            "reason": "KEY_COMPROMISE"
        },
        "a1c043b5aa1f915e0ee2d20fefaee8c1": {
            "status": "REVOKED",
            "reason": "KEY_COMPROMISE"
        },
        "16738628654716464919": {
            "status": "REVOKED",
            "reason": "KEY_COMPROMISE"
        },
        "4f327688e1a85e71955cefd696336b91": {
            "status": "REVOKED",
            "reason": "KEY_COMPROMISE"
        },
        "2b87baacd6338c76c0dd43c8a4a634d8": {
            "status": "REVOKED",
            "reason": "KEY_COMPROMISE"
        },
        "ee6126eeddc43fc387d7753867ed3e80": {
            "status": "REVOKED",
            "reason": "KEY_COMPROMISE"
        },
        "a9fb44f216e1fc41041aa21481b9e7a6": {
            "status": "REVOKED",
            "reason": "KEY_COMPROMISE"
        },
        "dc260c2618f40c1504ea3dbc75af48bc": {
            "status": "REVOKED",
            "reason": "KEY_COMPROMISE"
        },
        "12766508004442517294": {
            "status": "REVOKED",
            "reason": "KEY_COMPROMISE"
        },
        "f005b07f550b5dd96a43e3bb6831678": {
            "status": "REVOKED",
            "reason": "KEY_COMPROMISE"
        },
        "6972031689279523646": {
            "status": "REVOKED",
            "reason": "KEY_COMPROMISE"
        },
        "a67ddc27e1036c7abdd95f1d5e7cad4f": {
            "status": "REVOKED",
            "reason": "KEY_COMPROMISE"
        },
        "39473cc0a44911d10a38971286650ad": {
            "status": "REVOKED",
            "reason": "KEY_COMPROMISE"
        },
        "f0cf9f9d6bc5a7a7d82d9f0e510e57bb": {
            "status": "REVOKED",
            "reason": "KEY_COMPROMISE"
        },
        "4e8df84b0a2c3bc222eee317c88cd7ae": {
            "status": "REVOKED",
            "reason": "KEY_COMPROMISE"
        },
        "2f7e1dd99a063e16aceefa3e6d681575": {
            "status": "REVOKED",
            "reason": "KEY_COMPROMISE"
        },
        "6393c6390b60e0cfc9fb8d6ca1d23605": {
            "status": "REVOKED",
            "reason": "KEY_COMPROMISE"
        },
        "d4c59e957b7207ec11e1a7d8cfd4cb68": {
            "status": "REVOKED",
            "reason": "KEY_COMPROMISE"
        },
        "9c2051b3327baf0eb364d3ab96e1a3fb": {
            "status": "REVOKED",
            "reason": "KEY_COMPROMISE"
        },
        "bd1a9e9125a39b590cab7deecec05222": {
            "status": "REVOKED",
            "reason": "KEY_COMPROMISE"
        },
        "13554058501592369784": {
            "status": "REVOKED",
            "reason": "KEY_COMPROMISE"
        },
        "983a895183f5f1271d79202533722279": {
            "status": "REVOKED",
            "reason": "KEY_COMPROMISE"
        },
        "7fdc29d6e5f98ea6d13eb5e737ce705": {
            "status": "REVOKED",
            "reason": "KEY_COMPROMISE"
        },
        "3556819627137484722": {
            "status": "REVOKED",
            "reason": "KEY_COMPROMISE"
        },
        "ff540c3b97a46444f86ef71653e1df18": {
            "status": "REVOKED",
            "reason": "KEY_COMPROMISE"
        },
        "205941609533867482": {
            "status": "REVOKED",
            "reason": "KEY_COMPROMISE"
        },
        "a7c4afb483f1227dc82993f27d1c0998": {
            "status": "REVOKED",
            "reason": "KEY_COMPROMISE"
        },
        "6051ed8207d2d1c0bf927f9e2ada4b48": {
            "status": "REVOKED",
            "reason": "KEY_COMPROMISE"
        },
        "49c141a849df35acb6aaede2226f9e9b": {
            "status": "REVOKED",
            "reason": "KEY_COMPROMISE"
        },
        "e6710ab8649ebcfff1c399f0b233795a": {
            "status": "REVOKED",
            "reason": "KEY_COMPROMISE"
        },
        "3642e8ebda76a49229811a336135a82c": {
            "status": "REVOKED",
            "reason": "KEY_COMPROMISE"
        },
        "a7dc53700e9fc9847d4fea65c29da1e3": {
            "status": "REVOKED",
            "reason": "KEY_COMPROMISE"
        },
        "8ec25f23f03dbb50b8c16b8a00c1b385": {
            "status": "REVOKED",
            "reason": "KEY_COMPROMISE"
        },
        "1765470235229526865": {
            "status": "REVOKED",
            "reason": "KEY_COMPROMISE"
        },
        "4f9a18bc60b33deaf47659718c8e46f3": {
            "status": "REVOKED",
            "reason": "KEY_COMPROMISE"
        },
        "794603fd166a8b853084f94969b6f76a": {
            "status": "REVOKED",
            "reason": "KEY_COMPROMISE"
        },
        "9691410294288259865": {
            "status": "REVOKED",
            "reason": "KEY_COMPROMISE"
        },
        "dfe4a9b2dafa2bf5f641962cb3d5a332": {
            "status": "REVOKED",
            "reason": "KEY_COMPROMISE"
        },
        "33554d4e522d915d5dadf16f907c50f7": {
            "status": "REVOKED",
            "reason": "KEY_COMPROMISE"
        },
        "fdf3b3c1e92cec617335708d84e23d66": {
            "status": "REVOKED",
            "reason": "KEY_COMPROMISE"
        },
        "30d9c1c5524174bfbf439e9e73cdb79d": {
            "status": "REVOKED",
            "reason": "KEY_COMPROMISE"
        },
        "3751979701730164589": {
            "status": "REVOKED",
            "reason": "KEY_COMPROMISE"
        },
        "928a090e80bb6aee9db4e92b37e41509": {
            "status": "REVOKED",
            "reason": "KEY_COMPROMISE"
        },
        "649dbea9cb64ce308588905214fa361c": {
            "status": "REVOKED",
            "reason": "KEY_COMPROMISE"
        },
        "de9e893188f2e3a04e632f909270a491": {
            "status": "REVOKED",
            "reason": "KEY_COMPROMISE"
        },
        "2cf66a251b227a1b9ed6d4e019ea6b36": {
            "status": "REVOKED",
            "reason": "KEY_COMPROMISE"
        },
        "27ed27b2a8c46be59c98ea4711d0dc5f": {
            "status": "REVOKED",
            "reason": "KEY_COMPROMISE"
        },
        "2e028083625fd6ef9f74637ff449da5a": {
            "status": "REVOKED",
            "reason": "KEY_COMPROMISE"
        },
        "99eca9a3d7ce7c2d84476402c1e448cf": {
            "status": "REVOKED",
            "reason": "KEY_COMPROMISE"
        },
        "9d96f1e695269851494a91d48601a1d8": {
            "status": "REVOKED",
            "reason": "KEY_COMPROMISE"
        },
        "2600c3f9b352130017f198e556d57a52": {
            "status": "REVOKED",
            "reason": "KEY_COMPROMISE"
        },
        "9705747036760232149": {
            "status": "REVOKED",
            "reason": "KEY_COMPROMISE"
        },
        "3154d0663898188cca623ad25bc7271d": {
            "status": "REVOKED",
            "reason": "KEY_COMPROMISE"
        },
        "ce88396f2a456fc603cd766c78eacf13": {
            "status": "REVOKED",
            "reason": "KEY_COMPROMISE"
        },
        "13503260129030804995": {
            "status": "REVOKED",
            "reason": "KEY_COMPROMISE"
        },
        "1948b1f11ae6b513949d71d85462161f": {
            "status": "REVOKED",
            "reason": "KEY_COMPROMISE"
        },
        "fff56c1b1b7af0a7818eed63918c7abc": {
            "status": "REVOKED",
            "reason": "KEY_COMPROMISE"
        },
        "8758766de23bcb4724f9c10da041246e": {
            "status": "REVOKED",
            "reason": "KEY_COMPROMISE"
        },
        "8cb65966a99f08fa218afd99ec0e046a": {
            "status": "REVOKED",
            "reason": "KEY_COMPROMISE"
        },
        "13478723519430940204": {
            "status": "REVOKED",
            "reason": "KEY_COMPROMISE"
        },
        "4466280473208039047": {
            "status": "REVOKED",
            "reason": "KEY_COMPROMISE"
        },
        "8626111651415796206": {
            "status": "REVOKED",
            "reason": "KEY_COMPROMISE"
        },
        "fa303060f00a7d95cba05e1274907eda": {
            "status": "REVOKED",
            "reason": "KEY_COMPROMISE"
        },
        "5564751976450306924": {
            "status": "REVOKED",
            "reason": "KEY_COMPROMISE"
        },
        "10669975075318677953": {
            "status": "REVOKED",
            "reason": "KEY_COMPROMISE"
        },
        "2768878a858bffb3af12180a1ee5ed7a": {
            "status": "REVOKED",
            "reason": "KEY_COMPROMISE"
        },
        "2330e5e1e0a351ab4fc74c464ce88ed3": {
            "status": "REVOKED",
            "reason": "KEY_COMPROMISE"
        },
        "4be08979d68acd09934104b6bd2edda5": {
            "status": "REVOKED",
            "reason": "KEY_COMPROMISE"
        },
        "68d1984f7ba32bea63baa680bc5a556c": {
            "status": "REVOKED",
            "reason": "KEY_COMPROMISE"
        },
        "5145721877299830915": {
            "status": "REVOKED",
            "reason": "KEY_COMPROMISE"
        },
        "8e7c77d159509217d9e11cbfc2664681": {
            "status": "REVOKED",
            "reason": "KEY_COMPROMISE"
        },
        "5192399fb1d5fdfe95c4f2fb002ac5f": {
            "status": "REVOKED",
            "reason": "KEY_COMPROMISE"
        },
        "11918519357273683794": {
            "status": "REVOKED",
            "reason": "KEY_COMPROMISE"
        },
        "e00cc58c1ed1f7027f3dbc4e87d33199": {
            "status": "REVOKED",
            "reason": "KEY_COMPROMISE"
        },
        "3d8cbfb0f47429cc8165cf175e239a20": {
            "status": "REVOKED",
            "reason": "KEY_COMPROMISE"
        },
        "13325600579469253471": {
            "status": "REVOKED",
            "reason": "KEY_COMPROMISE"
        },
        "5214c6faf95197b2079a0a02c688421": {
            "status": "REVOKED",
            "reason": "KEY_COMPROMISE"
        },
        "551b630fbcd8b33a17f001f3d5b08f93": {
            "status": "REVOKED",
            "reason": "KEY_COMPROMISE"
        },
        "b3758e92dacf53edd06fa10d9a4361c9": {
            "status": "REVOKED",
            "reason": "KEY_COMPROMISE"
        },
        "33c18997768f13c04f7b81679632bf65": {
            "status": "REVOKED",
            "reason": "KEY_COMPROMISE"
        },
        "6355987390329458305": {
            "status": "REVOKED",
            "reason": "KEY_COMPROMISE"
        },
        "a3140abd9214f9db70b46964699c8cfb": {
            "status": "REVOKED",
            "reason": "KEY_COMPROMISE"
        },
        "3ec3e740a09fc63de719ed99dde9001": {
            "status": "REVOKED",
            "reason": "KEY_COMPROMISE"
        },
        "53e23541cbcde87c85555e180f8b4397": {
            "status": "REVOKED",
            "reason": "KEY_COMPROMISE"
        },
        "3b2c71a24f20eee5d71d51cd8533d188": {
            "status": "REVOKED",
            "reason": "KEY_COMPROMISE"
        },
        "93248cf706c6f2e26e7e83d4c86bea0": {
            "status": "REVOKED",
            "reason": "KEY_COMPROMISE"
        },
        "7aee28c4caf600d64355540e33269a57": {
            "status": "REVOKED",
            "reason": "KEY_COMPROMISE"
        },
        "3472939056772264175": {
            "status": "REVOKED",
            "reason": "KEY_COMPROMISE"
        },
        "b6e4b48e13ed2b06f9ef6fb16c0e37b2": {
            "status": "REVOKED",
            "reason": "KEY_COMPROMISE"
        },
        "bc32a062ce42973daa8e184bdb5810de": {
            "status": "REVOKED",
            "reason": "KEY_COMPROMISE"
        },
        "6254754cf6193d69f8370e6398f1956d": {
            "status": "REVOKED",
            "reason": "KEY_COMPROMISE"
        },
        "2a305e8eda6380f554ab0964f62ff187": {
            "status": "REVOKED",
            "reason": "KEY_COMPROMISE"
        },
        "af92c90e19f0da1673d19056937b46d3": {
            "status": "REVOKED",
            "reason": "KEY_COMPROMISE"
        },
        "4271430637556221188": {
            "status": "REVOKED",
            "reason": "KEY_COMPROMISE"
        },
        "10696134136102907523": {
            "status": "REVOKED",
            "reason": "KEY_COMPROMISE"
        },
        "d9a1ef01a1606b4eec1b34bbbe8d044e": {
            "status": "REVOKED",
            "reason": "KEY_COMPROMISE"
        },
        "10631151104397693527": {
            "status": "REVOKED",
            "reason": "KEY_COMPROMISE"
        },
        "20581dbacd135140e41ce15fa4820589": {
            "status": "REVOKED",
            "reason": "KEY_COMPROMISE"
        },
        "15950000780909930300": {
            "status": "REVOKED",
            "reason": "KEY_COMPROMISE"
        },
        "587213a0a017a3151c3e0d772f3b459a": {
            "status": "REVOKED",
            "reason": "KEY_COMPROMISE"
        },
        "16279865861478413754": {
            "status": "REVOKED",
            "reason": "KEY_COMPROMISE"
        },
        "97c5b89e9e51eff9e9897e92f865d21e": {
            "status": "REVOKED",
            "reason": "KEY_COMPROMISE"
        },
        "e6508499faf6a244d959a9a8d633caf4": {
            "status": "REVOKED",
            "reason": "KEY_COMPROMISE"
        },
        "14117867490237308293": {
            "status": "REVOKED",
            "reason": "KEY_COMPROMISE"
        },
        "b0645f9b21d8a8394f5e3475c35244e2": {
            "status": "REVOKED",
            "reason": "KEY_COMPROMISE"
        },
        "94494997671214484": {
            "status": "REVOKED",
            "reason": "KEY_COMPROMISE"
        },
        "6a44e14ef662d48d2fb413c808081fa": {
            "status": "REVOKED",
            "reason": "KEY_COMPROMISE"
        },
        "dfa7255055f80aa26fd9eb94217c7941": {
            "status": "REVOKED",
            "reason": "KEY_COMPROMISE"
        },
        "72d3b4e0d47b6f8887179ec2d300dad9": {
            "status": "REVOKED",
            "reason": "KEY_COMPROMISE"
        },
        "ce9ee7250269cc92daebc877ed9130f0": {
            "status": "REVOKED",
            "reason": "KEY_COMPROMISE"
        },
        "4373482b09e5d1c30144d74de4ed24c8": {
            "status": "REVOKED",
            "reason": "KEY_COMPROMISE"
        },
        "ad8257dd3a64436eed9bc69ed7f81a8e": {
            "status": "REVOKED",
            "reason": "KEY_COMPROMISE"
        },
        "f14187a6788de6b3ae4fd7c651d93aee": {
            "status": "REVOKED",
            "reason": "KEY_COMPROMISE"
        },
        "fc8643f646dc253c7b2a9ce69694036e": {
            "status": "REVOKED",
            "reason": "KEY_COMPROMISE"
        },
        "5272326329417510368": {
            "status": "REVOKED",
            "reason": "KEY_COMPROMISE"
        },
        "8123a63ed4783bc34c7ac20c8646f5a3": {
            "status": "REVOKED",
            "reason": "KEY_COMPROMISE"
        },
        "f10247aa2c62f6b8a73178026e9bc0b7": {
            "status": "REVOKED",
            "reason": "KEY_COMPROMISE"
        },
        "670acdd6e75f1834afe8568e4b090b8d": {
            "status": "REVOKED",
            "reason": "KEY_COMPROMISE"
        },
        "df922e62524b836180720612b9619a3a": {
            "status": "REVOKED",
            "reason": "KEY_COMPROMISE"
        },
        "13672903365956275417": {
            "status": "REVOKED",
            "reason": "KEY_COMPROMISE"
        },
        "14243129576127828603": {
            "status": "REVOKED",
            "reason": "KEY_COMPROMISE"
        },
        "424ab07c0f341f6a01fdb4d34798dd05": {
            "status": "REVOKED",
            "reason": "KEY_COMPROMISE"
        },
        "407d5f958d5fc95972cac240a900aa48": {
            "status": "REVOKED",
            "reason": "KEY_COMPROMISE"
        },
        "14096919803101624708": {
            "status": "REVOKED",
            "reason": "KEY_COMPROMISE"
        },
        "4f2db225d3384d2b9157941accf3ff6e": {
            "status": "REVOKED",
            "reason": "KEY_COMPROMISE"
        },
        "2d1b9bffc223503cde80405a71765905": {
            "status": "REVOKED",
            "reason": "KEY_COMPROMISE"
        },
        "5bad8e7d165b7a311e2b57621556506f": {
            "status": "REVOKED",
            "reason": "KEY_COMPROMISE"
        },
        "c3e63dff2bb50259fbd025733ecdd90b": {
            "status": "REVOKED",
            "reason": "KEY_COMPROMISE"
        },
        "457a612fd7e053298c4ee9d4b7691f44": {
            "status": "REVOKED",
            "reason": "KEY_COMPROMISE"
        },
        "511ef62d13cc31325eba9eac0774b5b1": {
            "status": "REVOKED",
            "reason": "KEY_COMPROMISE"
        },
        "4a359c9bec46babfbf94a2fe01c835bb": {
            "status": "REVOKED",
            "reason": "KEY_COMPROMISE"
        },
        "b329005210913255b99fa1c9f0844349": {
            "status": "REVOKED",
            "reason": "KEY_COMPROMISE"
        },
        "9e80eca04c949e335ee919de518bebbf": {
            "status": "REVOKED",
            "reason": "KEY_COMPROMISE"
        },
        "41d46d7986af544bc236bf833bded3a7": {
            "status": "REVOKED",
            "reason": "KEY_COMPROMISE"
        },
        "b216046ea1a9a39afe7a7bf846c2fd73": {
            "status": "REVOKED",
            "reason": "KEY_COMPROMISE"
        },
        "4775152230268351286": {
            "status": "REVOKED",
            "reason": "KEY_COMPROMISE"
        },
        "72736ea426dcd06ff0bbeb5a4dd79948": {
            "status": "REVOKED",
            "reason": "KEY_COMPROMISE"
        },
        "b8e48e0044936226009f11f3275692b7": {
            "status": "REVOKED",
            "reason": "KEY_COMPROMISE"
        },
        "24d407abdcb818b82418df9075f0ff44": {
            "status": "REVOKED",
            "reason": "KEY_COMPROMISE"
        },
        "73b3dcaca88c01fd6280fe072c1cbde6": {
            "status": "REVOKED",
            "reason": "KEY_COMPROMISE"
        },
        "a49e49a2a870d4e1de40aeaab37c8ca3": {
            "status": "REVOKED",
            "reason": "KEY_COMPROMISE"
        },
        "11481610630634287040": {
            "status": "REVOKED",
            "reason": "KEY_COMPROMISE"
        },
        "b680b2b314e7a715e390e14a33020908": {
            "status": "REVOKED",
            "reason": "KEY_COMPROMISE"
        },
        "e62b0afb8f80f139ef082bfc319c91af": {
            "status": "REVOKED",
            "reason": "KEY_COMPROMISE"
        },
        "ba3146d2bfb27978e943fab925bbeb85": {
            "status": "REVOKED",
            "reason": "KEY_COMPROMISE"
        },
        "8935204412779183185": {
            "status": "REVOKED",
            "reason": "KEY_COMPROMISE"
        },
        "faf84c1e7cd532045119e470d80be817": {
            "status": "REVOKED",
            "reason": "KEY_COMPROMISE"
        },
        "e0e2b831ac104ecccc5e5dd3a2f11b75": {
            "status": "REVOKED",
            "reason": "KEY_COMPROMISE"
        },
        "e1efed25187ebe05b745c7f466e57599": {
            "status": "REVOKED",
            "reason": "KEY_COMPROMISE"
        },
        "31b9588015bfba8e5b2762c87fb083cd": {
            "status": "REVOKED",
            "reason": "KEY_COMPROMISE"
        },
        "68d889ddd7bbdba0c50fe275576582ae": {
            "status": "REVOKED",
            "reason": "KEY_COMPROMISE"
        },
        "20c6af508272184d8dcae68f145835d0": {
            "status": "REVOKED",
            "reason": "KEY_COMPROMISE"
        },
        "10628994157453962498": {
            "status": "REVOKED",
            "reason": "KEY_COMPROMISE"
        },
        "2863739566415969992": {
            "status": "REVOKED",
            "reason": "KEY_COMPROMISE"
        },
        "be38635630e27b8d14049230d2cf8b12": {
            "status": "REVOKED",
            "reason": "KEY_COMPROMISE"
        },
        "c4b25c81d5f2adb396621cf1da8cd206": {
            "status": "REVOKED",
            "reason": "KEY_COMPROMISE"
        },
        "d3dcd288c1343eeb42f68f1ec707aa15": {
            "status": "REVOKED",
            "reason": "KEY_COMPROMISE"
        },
        "4c665ca6ca9a6671ea6c8c75f491dca": {
            "status": "REVOKED",
            "reason": "KEY_COMPROMISE"
        },
        "9b60240e40d15b581525433b9c1b699e": {
            "status": "REVOKED",
            "reason": "KEY_COMPROMISE"
        },
        "28a18b4f04d8e0ba1469e6f08128eb1": {
            "status": "REVOKED",
            "reason": "KEY_COMPROMISE"
        },
        "8940841425273370276": {
            "status": "REVOKED",
            "reason": "KEY_COMPROMISE"
        },
        "3177d1aafc14b92a33cd42c652d30692": {
            "status": "REVOKED",
            "reason": "KEY_COMPROMISE"
        },
        "a71808b06c9145429099a1aaaac0616b": {
            "status": "REVOKED",
            "reason": "KEY_COMPROMISE"
        },
        "a030ebea4ad0f0f5c7d30ce666c04828": {
            "status": "REVOKED",
            "reason": "KEY_COMPROMISE"
        },
        "9cde3eda4299bdd9bb585390e30a8f3b": {
            "status": "REVOKED",
            "reason": "KEY_COMPROMISE"
        },
        "595bf8afe78ffd88220c9339451ac155": {
            "status": "REVOKED",
            "reason": "KEY_COMPROMISE"
        },
        "9233668dceaa5b567e4cf9f52bd2e1e0": {
            "status": "REVOKED",
            "reason": "KEY_COMPROMISE"
        },
        "a321977211fe24e3d2dc8f76c083a08": {
            "status": "REVOKED",
            "reason": "KEY_COMPROMISE"
        },
        "846713e0424db838fa4a991d943c4549": {
            "status": "REVOKED",
            "reason": "KEY_COMPROMISE"
        },
        "a80f47c0862d94d9269be02b83c37b53": {
            "status": "REVOKED",
            "reason": "KEY_COMPROMISE"
        },
        "43a65376e35524afc045906d7071cdf7": {
            "status": "REVOKED",
            "reason": "KEY_COMPROMISE"
        },
        "16932cc7a3865cea312d84702032b55e": {
            "status": "REVOKED",
            "reason": "KEY_COMPROMISE"
        },
        "792e307458b653a6141d8a2d55a7d7": {
            "status": "REVOKED",
            "reason": "KEY_COMPROMISE"
        },
        "9734b6a853e67cd88f8f197f09f5b7ad": {
            "status": "REVOKED",
            "reason": "KEY_COMPROMISE"
        },
        "15735730174267438273": {
            "status": "REVOKED",
            "reason": "KEY_COMPROMISE"
        },
        "5ea29375f11952555ebae69b1a1991d8": {
            "status": "REVOKED",
            "reason": "KEY_COMPROMISE"
        },
        "8621345197686984555": {
            "status": "REVOKED",
            "reason": "KEY_COMPROMISE"
        },
        "6654493384142859524": {
            "status": "REVOKED",
            "reason": "KEY_COMPROMISE"
        },
        "53290dbb4f94c781223e541e524ddcd0": {
            "status": "REVOKED",
            "reason": "KEY_COMPROMISE"
        },
        "ddd542d3ab5936ad7fd7e336769f8c73": {
            "status": "REVOKED",
            "reason": "KEY_COMPROMISE"
        },
        "be1c1c337bea50e15973446559a6d9fc": {
            "status": "REVOKED",
            "reason": "KEY_COMPROMISE"
        },
        "cbbab31cd003e49bcf7161f250813585": {
            "status": "REVOKED",
            "reason": "KEY_COMPROMISE"
        },
        "b39c7850e07ffb8e3474c8bfaa09fe9d": {
            "status": "REVOKED",
            "reason": "KEY_COMPROMISE"
        },
        "11088723024112326817": {
            "status": "REVOKED",
            "reason": "KEY_COMPROMISE"
        },
        "c67256011aeebd5b499a79d0a68174a1": {
            "status": "REVOKED",
            "reason": "KEY_COMPROMISE"
        },
        "ef7634571778ff1f882a40929711dadf": {
            "status": "REVOKED",
            "reason": "KEY_COMPROMISE"
        },
        "ba76f7cf58dde094159eaa0ad7dd4815": {
            "status": "REVOKED",
            "reason": "KEY_COMPROMISE"
        },
        "d8952e9b744ae2b97eeaf0d237817677": {
            "status": "REVOKED",
            "reason": "KEY_COMPROMISE"
        },
        "4052208266068406503": {
            "status": "REVOKED",
            "reason": "KEY_COMPROMISE"
        },
        "1100c01705cf01afba09f4969c659705": {
            "status": "REVOKED",
            "reason": "KEY_COMPROMISE"
        },
        "92b6427efac231cf7da973d68b705d46": {
            "status": "REVOKED",
            "reason": "KEY_COMPROMISE"
        },
        "80479dd5006b90da882e13dcd19d0d3b": {
            "status": "REVOKED",
            "reason": "KEY_COMPROMISE"
        },
        "c3cf50f9c7b1fbc5019239edaa57b8be": {
            "status": "REVOKED",
            "reason": "KEY_COMPROMISE"
        },
        "24b08e455268f973f79e8af13419a04f": {
            "status": "REVOKED",
            "reason": "KEY_COMPROMISE"
        },
        "33d367c4f4e2ce7e51fd5dac92da62bc": {
            "status": "REVOKED",
            "reason": "KEY_COMPROMISE"
        },
        "c4bb59d6dcad28194dd534da18028287": {
            "status": "REVOKED",
            "reason": "KEY_COMPROMISE"
        },
        "4aecbb55ac95669cbd322a709f8b8242": {
            "status": "REVOKED",
            "reason": "KEY_COMPROMISE"
        },
        "5893256412279433040": {
            "status": "REVOKED",
            "reason": "KEY_COMPROMISE"
        },
        "b8af8941ed0939add111eb8e8b3f74c3": {
            "status": "REVOKED",
            "reason": "KEY_COMPROMISE"
        },
        "bf26a255d9bab04bd5e2a797b2c3e13d": {
            "status": "REVOKED",
            "reason": "KEY_COMPROMISE"
        },
        "ac74231d6efe02a918c52138c5e6a288": {
            "status": "REVOKED",
            "reason": "KEY_COMPROMISE"
        },
        "13208021490800717034": {
            "status": "REVOKED",
            "reason": "KEY_COMPROMISE"
        },
        "73de4f1c7f6540c3407c8f08c87dfc52": {
            "status": "REVOKED",
            "reason": "KEY_COMPROMISE"
        },
        "38bf5e098b9b9ffcccb7eee84fb9c09c": {
            "status": "REVOKED",
            "reason": "KEY_COMPROMISE"
        },
        "1497138949090246232": {
            "status": "REVOKED",
            "reason": "KEY_COMPROMISE"
        },
        "2a6fef545d4b8578bafb8245408fee26": {
            "status": "REVOKED",
            "reason": "KEY_COMPROMISE"
        },
        "452cd762f790c607b69946c27e383a4b": {
            "status": "REVOKED",
            "reason": "KEY_COMPROMISE"
        },
        "9867094464352066174": {
            "status": "REVOKED",
            "reason": "KEY_COMPROMISE"
        },
        "8887999446032040142": {
            "status": "REVOKED",
            "reason": "KEY_COMPROMISE"
        },
        "14191869834556450245": {
            "status": "REVOKED",
            "reason": "KEY_COMPROMISE"
        },
        "6ab1c2d064b242edc2dff1d95f688140": {
            "status": "REVOKED",
            "reason": "KEY_COMPROMISE"
        },
        "ab63439eabd211ed9cfbcc9d0b7d9972": {
            "status": "REVOKED",
            "reason": "KEY_COMPROMISE"
        },
        "fddd5e6a8d584b1a8141682a12bf5f75": {
            "status": "REVOKED",
            "reason": "KEY_COMPROMISE"
        },
        "24e6c13f4999fa3924e08994257323de": {
            "status": "REVOKED",
            "reason": "KEY_COMPROMISE"
        },
        "5f1f2c2f2c3f26bb8f111a279e634510": {
            "status": "REVOKED",
            "reason": "KEY_COMPROMISE"
        },
        "e1052a8a3ad9d5eebf23dae79cdf5fb3": {
            "status": "REVOKED",
            "reason": "KEY_COMPROMISE"
        },
        "57b3857f2784b1a37b356f821e4b6db0": {
            "status": "REVOKED",
            "reason": "KEY_COMPROMISE"
        },
        "10455742914461326988": {
            "status": "REVOKED",
            "reason": "KEY_COMPROMISE"
        },
        "a7c8f6f90f75a7fc7ee7db95c366dadf": {
            "status": "REVOKED",
            "reason": "KEY_COMPROMISE"
        },
        "4c40d55668244c65f690acd61040c369": {
            "status": "REVOKED",
            "reason": "KEY_COMPROMISE"
        },
        "6b9bf9652484e73952e9301e86ef7412": {
            "status": "REVOKED",
            "reason": "KEY_COMPROMISE"
        },
        "3da1dc524b8324ce144fd77b53897f57": {
            "status": "REVOKED",
            "reason": "KEY_COMPROMISE"
        },
        "d7126a65f10da48342714f7707c1c4bc": {
            "status": "REVOKED",
            "reason": "KEY_COMPROMISE"
        },
        "cd8225b35cfd298bf5356503e39feefa": {
            "status": "REVOKED",
            "reason": "KEY_COMPROMISE"
        },
        "72a09b54cf99c9cba6da5a96706cd3f9": {
            "status": "REVOKED",
            "reason": "KEY_COMPROMISE"
        },
        "d4370bfca57f597151a18427664bf093": {
            "status": "REVOKED",
            "reason": "KEY_COMPROMISE"
        },
        "cdef9adbc817a11faab9cbf410f0705d": {
            "status": "REVOKED",
            "reason": "KEY_COMPROMISE"
        },
        "f9a0b9888d7a76c58c99c226b7706747": {
            "status": "REVOKED",
            "reason": "KEY_COMPROMISE"
        },
        "7d7fd8b16f3b60fad552cb5af07d6aca": {
            "status": "REVOKED",
            "reason": "KEY_COMPROMISE"
        },
        "a6d4145d111b92c3a0254ba9745db9e3": {
            "status": "REVOKED",
            "reason": "KEY_COMPROMISE"
        },
        "94f191b632e0b448c576f70519693edb": {
            "status": "REVOKED",
            "reason": "KEY_COMPROMISE"
        },
        "3106306f29d13aef6a388d72e8e7bbab": {
            "status": "REVOKED",
            "reason": "KEY_COMPROMISE"
        },
        "d8c0880797d6f8571a050ed24ed074e1": {
            "status": "REVOKED",
            "reason": "KEY_COMPROMISE"
        },
        "b2963c20818a6588e3dab4a34ecb2b69": {
            "status": "REVOKED",
            "reason": "KEY_COMPROMISE"
        },
        "584d08a5cc306a991920a0def351a22d": {
            "status": "REVOKED",
            "reason": "KEY_COMPROMISE"
        },
        "9868d88a7b2f02cc2c625baf889af17": {
            "status": "REVOKED",
            "reason": "KEY_COMPROMISE"
        },
        "3557c27e3615017ab8c7d2b4edf5a10f": {
            "status": "REVOKED",
            "reason": "KEY_COMPROMISE"
        },
        "16964934668758645558": {
            "status": "REVOKED",
            "reason": "KEY_COMPROMISE"
        },
        "3cc2065cd9d758b7b4ccb42f67f310e1": {
            "status": "REVOKED",
            "reason": "KEY_COMPROMISE"
        },
        "77e24e974232bec792932a6d9cad855c": {
            "status": "REVOKED",
            "reason": "KEY_COMPROMISE"
        },
        "e022d351fb24f904d7cf76a74a932f25": {
            "status": "REVOKED",
            "reason": "KEY_COMPROMISE"
        },
        "1c94ce366c473a12088308148b7dc866": {
            "status": "REVOKED",
            "reason": "KEY_COMPROMISE"
        },
        "5ae2c1d4d4a678e71f2e7b489c2a2e4a": {
            "status": "REVOKED",
            "reason": "KEY_COMPROMISE"
        },
        "476860a2ea20f8112cf0bec8c845663b": {
            "status": "REVOKED",
            "reason": "KEY_COMPROMISE"
        },
        "93fbd4381bd491ad3d6dba8572cb01be": {
            "status": "REVOKED",
            "reason": "KEY_COMPROMISE"
        },
        "1cd8e467497e9ef0ada5bf15c9f922de": {
            "status": "REVOKED",
            "reason": "KEY_COMPROMISE"
        },
        "6597002198956766176": {
            "status": "REVOKED",
            "reason": "KEY_COMPROMISE"
        },
        "435f04d984cebaa7757b312a5f943067": {
            "status": "REVOKED",
            "reason": "KEY_COMPROMISE"
        },
        "f87b4fb3a9645d3e8abc73ed76fb0572": {
            "status": "REVOKED",
            "reason": "KEY_COMPROMISE"
        },
        "e8c84860ca10ea6aec4221e7afafcc1a": {
            "status": "REVOKED",
            "reason": "KEY_COMPROMISE"
        },
        "b7ac5bec96bd1de444c48457a13a858d": {
            "status": "REVOKED",
            "reason": "KEY_COMPROMISE"
        },
        "d16eec885e26129773878f9058704a63": {
            "status": "REVOKED",
            "reason": "KEY_COMPROMISE"
        },
        "1219e1543a92a9d2cae73a61625e9aab": {
            "status": "REVOKED",
            "reason": "KEY_COMPROMISE"
        },
        "b2a34feff0273b2f61298e02afe897bd": {
            "status": "REVOKED",
            "reason": "KEY_COMPROMISE"
        },
        "2a20089c6bc09179b28fa91542065d91": {
            "status": "REVOKED",
            "reason": "KEY_COMPROMISE"
        },
        "62e957ed597044819a0d49db6cfb9f38": {
            "status": "REVOKED",
            "reason": "KEY_COMPROMISE"
        },
        "a485f500019e8d664dc93c37a6a0c859": {
            "status": "REVOKED",
            "reason": "KEY_COMPROMISE"
        },
        "7384636828590053418": {
            "status": "REVOKED",
            "reason": "KEY_COMPROMISE"
        },
        "1961a915b048a8a457f3cf134cac94a1": {
            "status": "REVOKED",
            "reason": "KEY_COMPROMISE"
        },
        "b4aa79bf570cfe9bfb3fa59c24beb6db": {
            "status": "REVOKED",
            "reason": "KEY_COMPROMISE"
        },
        "11020791951271937866": {
            "status": "REVOKED",
            "reason": "KEY_COMPROMISE"
        },
        "c9208715e4912840d27bc5485fb08032": {
            "status": "REVOKED",
            "reason": "KEY_COMPROMISE"
        },
        "80f554df8f4db5e168b665e37674767b": {
            "status": "REVOKED",
            "reason": "KEY_COMPROMISE"
        },
        "b29207249b68c6712fbf243e6f318c9f": {
            "status": "REVOKED",
            "reason": "KEY_COMPROMISE"
        },
        "133149eb867d7d1cdb6a3555bb5489ad": {
            "status": "REVOKED",
            "reason": "KEY_COMPROMISE"
        },
        "ba98ecaf60d94aaa6c8ac685247a152d": {
            "status": "REVOKED",
            "reason": "KEY_COMPROMISE"
        },
        "7aca5ae4929be0870316c52a831254d0": {
            "status": "REVOKED",
            "reason": "KEY_COMPROMISE"
        },
        "12958730390904191521": {
            "status": "REVOKED",
            "reason": "KEY_COMPROMISE"
        },
        "7d2e383f6ecdcb69e62e6acbd9a356f": {
            "status": "REVOKED",
            "reason": "KEY_COMPROMISE"
        },
        "40a987951a45ead9ab2d4e3ab55bfc86": {
            "status": "REVOKED",
            "reason": "KEY_COMPROMISE"
        },
        "50e4fb9e6313d2fc048bff0537c9d9bc": {
            "status": "REVOKED",
            "reason": "KEY_COMPROMISE"
        },
        "d426ecd919711485e4d1e923cb9cd367": {
            "status": "REVOKED",
            "reason": "KEY_COMPROMISE"
        },
        "cc7b471209b7047084b2179373239c29": {
            "status": "REVOKED",
            "reason": "KEY_COMPROMISE"
        },
        "5bf5f851b04dd628def22feb04c3cec6": {
            "status": "REVOKED",
            "reason": "KEY_COMPROMISE"
        },
        "331fa3b0bc8f1899dd70bcb1a364c312": {
            "status": "REVOKED",
            "reason": "KEY_COMPROMISE"
        },
        "3010000535011146404": {
            "status": "REVOKED",
            "reason": "KEY_COMPROMISE"
        },
        "11387632805333568160": {
            "status": "REVOKED",
            "reason": "KEY_COMPROMISE"
        },
        "3ee622a0ecbd09ac188f5c4855a619f": {
            "status": "REVOKED",
            "reason": "KEY_COMPROMISE"
        },
        "5810985728898152653": {
            "status": "REVOKED",
            "reason": "SOFTWARE_FLAW"
        },
        "16623831713806747857": {
            "status": "REVOKED",
            "reason": "SOFTWARE_FLAW"
        },
        "1653902323508258478": {
            "status": "REVOKED",
            "reason": "SOFTWARE_FLAW"
        },
        "4754188387179831718": {
            "status": "REVOKED",
            "reason": "SOFTWARE_FLAW"
        },
        "18207673658158413385": {
            "status": "REVOKED",
            "reason": "SOFTWARE_FLAW"
        },
        "12327620949908374012": {
            "status": "REVOKED",
            "reason": "SOFTWARE_FLAW"
        },
        "14813405412631444771": {
            "status": "REVOKED",
            "reason": "SOFTWARE_FLAW"
        },
        "7857171223917578575": {
            "status": "REVOKED",
            "reason": "SOFTWARE_FLAW"
        },
        "1415893393487464817": {
            "status": "REVOKED",
            "reason": "SOFTWARE_FLAW"
        },
        "3060172519121275631": {
            "status": "REVOKED",
            "reason": "SOFTWARE_FLAW"
        },
        "1954785483012959664": {
            "status": "REVOKED",
            "reason": "SOFTWARE_FLAW"
        },
        "10845561047281622937": {
            "status": "REVOKED",
            "reason": "SOFTWARE_FLAW"
        },
        "2496041401547087770": {
            "status": "REVOKED",
            "reason": "SOFTWARE_FLAW"
        },
        "6885722966767738507": {
            "status": "REVOKED",
            "reason": "SOFTWARE_FLAW"
        },
        "5566180295247644916": {
            "status": "REVOKED",
            "reason": "SOFTWARE_FLAW"
        },
        "927486855755331393": {
            "status": "REVOKED",
            "reason": "SOFTWARE_FLAW"
        },
        "6165452071192422130": {
            "status": "REVOKED",
            "reason": "SOFTWARE_FLAW"
        },
        "15282787245290348368": {
            "status": "REVOKED",
            "reason": "SOFTWARE_FLAW"
        },
        "11313542145862450150": {
            "status": "REVOKED",
            "reason": "SOFTWARE_FLAW"
        },
        "11246999805035486387": {
            "status": "REVOKED",
            "reason": "SOFTWARE_FLAW"
        },
        "10623557657433978240": {
            "status": "REVOKED",
            "reason": "SOFTWARE_FLAW"
        },
        "1440276514173143642": {
            "status": "REVOKED",
            "reason": "SOFTWARE_FLAW"
        },
        "7102180478812285056": {
            "status": "REVOKED",
            "reason": "SOFTWARE_FLAW"
        },
        "3949279890763234464": {
            "status": "REVOKED",
            "reason": "SOFTWARE_FLAW"
        }
    }
}